ID,GroupNumber,Year,CountPartOfGroupNumber,ProgramId,EducationStartDate,EducationEndDate,MaxNumberOfPersons,CurrentNumberOfPersons,StateCode,MoodleCourseId,ChatGroupId,RealizationFormId,Test Column,OrganizationId
bcfa1ec2261d490f929fa0eee6b53c45,АВПК-22016,2022,16,ace382e55d8740709a0e7468ab9ea15e,2022-02-14,2022-03-03,4,1,EducationCompleted,,2bfea908ec064d7e8d65aa8773b639f6,3d558de54501e710bfea9e1e1da952d3,,92299301d3464f9989b4771985b56e0c
398632bf1b6548feafafb02d8f3bb6a1,ФОРА-21026,2021,26,8ac9bbfcb41c4c54b7912a92325863c5,2021-12-27,2022-01-30,20,3,EducationCompleted,,,3d558de54501e710bfea9e1e1da952d3,,aba5049bf92748b79271266ed2b659c7
02594327ace64dcba4474e49000aeb51,ББББ-22001,2022,1,be58fbd2d1f843a78a12d316b792e174,2022-01-01,2022-01-31,10,0,EducationCompleted,,,3d558de54501e710bfea9e1e1da952d3,,37360f1cb7354c51b6255a144729054c
ab5bcf4f015847869d405a1689832802,ВАРТ-21023,2021,23,7707de566cf44cfea1b12c917d3f0c4f,2021-12-27,2022-02-06,22,2,EducationCompleted,,,3d558de54501e710bfea9e1e1da952d3,,626f20f7c3c64632b55df0ca629a8f24
fb978c4054b5459caf610356ba6ba494,ВАСЯ-22004,2022,4,b26f91b6d2874efe882012a8f9fcf8da,2022-01-04,2022-01-20,5,1,EducationCompleted,,,3d558de54501e710bfea9e1e1da952d3,,aba5049bf92748b79271266ed2b659c7
5120d3edfcac41768ca94a9cb67e1dab,ВПИИ-22008,2022,8,d2bba87027204aa8a308e1592aded700,2022-02-07,2022-02-13,55,5,EducationCompleted,,d2e1fc3c889743a6a371d444e1921132,3d558de54501e710bfea9e1e1da952d3,,36603b54757844ae92133ad9c524a4b3
9b52752ca93c4eae9de33920539b8f33,ООЛЛ-21018,2021,18,141f24631271458ea2d99ad544a2ff52,2021-11-15,2022-01-29,155,10,EducationCompleted,,133b9f4f22bb4da1b0c622216e3f4b07,3d558de54501e710bfea9e1e1da952d3,,d832c82bed014f38849bcfe017f7c773
846a55d80ff8488995bff8215a3df6bb,ВАПИ-22009,2022,9,b69a8b81a4b948439aaca78fe594d8ba,2022-01-31,2022-02-13,5,2,EducationCompleted,,3953dc14b1d049fe894e44e546a2ae92,12643a654501e500bfea9e1e1da982b1,,92299301d3464f9989b4771985b56e0c
747d23ac99fc40a4a71c35c1f3e22dec,ТТТТ-20-002,2020,2,d494f158b4734e4d8a192ea16e6c5132,2022-01-18,2022-02-28,20,5,EducationCompleted,,45e16dae5f1d401188057195f26afd7c,3d558de54501e710bfea9e1e1da952d3,,92299301d3464f9989b4771985b56e0c
1e283adafb5646f3b6745daa3ee93366,ММББ-20172,2020,172,9952eaafa4f84dd8b5433ef57bb55a1d,2020-12-22,2021-02-28,12,1,EducationCompleted,,9eff884c98b343e3b10a1574fb34870b,3d558de54501e710bfea9e1e1da952d3,,ad40aa3f04cd4db3ac1133c0164a49cb
41809ecf1f2a4d0a8eee76681cf80b2a,ПРОГ-20130,2020,130,705e8d5cf95445aaac32a6df8bbb6ab7,2020-10-23,2020-10-25,43,0,EducationCompleted,,f420e61140574f768d1180f7ace82b59,3d558de54501e710bfea9e1e1da952d3,,92299301d3464f9989b4771985b56e0c
07cbdf222875457d8d3c3d8a97f00557,КККК-20136,2020,136,bf6c8405524c48b89a66ea74f0b04cb4,2020-10-31,2020-11-27,555,2,EducationCompleted,,2650af676055496e908d3d5e591259fa,3d558de54501e710bfea9e1e1da952d3,,768822c3b6304db496e14d094cc5ef60
46cc2f1cb1e040b5b78b2943b8480c6b,УУУУ-22003,2022,3,3cec64efdfaf4aad913492976eee32e7,2022-01-03,2022-02-06,23,1,EducationCompleted,,,3d558de54501e710bfea9e1e1da952d3,,aba5049bf92748b79271266ed2b659c7
06666218a59749a38a7973875c864b42,МАВУ-21002,2021,2,5c73efd1b0964747bb66652c03784117,2020-12-01,2021-01-22,8,1,EducationCompleted,,870a92d795334ca8ad896f566fa5516b,3d558de54501e710bfea9e1e1da952d3,,19193678f24b477ea354decc5efd0993
f76ad09a4c294176aa1c3c3a352905be,КУАП-21021,2021,21,b9117db0856449709fa2e39179a9d468,2021-12-02,2021-12-16,5,0,EducationCompleted,,,24688da54501e501bfea9e1e4da982e2,,c44b83bf3aef4bc78333a26908765b1f
929de40330624a0b96ffe90484a642ab,АПКЕ-21019,2021,19,ace382e55d8740709a0e7468ab9ea15e,2021-12-06,2021-12-20,2,2,EducationCompleted,,,3d558de54501e710bfea9e1e1da952d3,,92299301d3464f9989b4771985b56e0c
a03bc7a238f74e598662e1147df728b9,РГПД-20137,2020,137,54b966450fdb436db4ac88708b73becc,2020-11-05,2020-11-30,5,1,EducationCompleted,,0a774e100011410bac8e23f210cad3fe,3d558de54501e710bfea9e1e1da952d3,,92299301d3464f9989b4771985b56e0c
d003460a932b4e7b82deb2ddf5124ea9,КРОТ-22005,2022,5,c1067cbf64934b77b2431fe40d7df109,2022-01-03,2022-01-12,15,0,EducationCompleted,,,3d558de54501e710bfea9e1e1da952d3,,36603b54757844ae92133ad9c524a4b3
2a1fa6dd33894ed7b394e6e4df5b6dd5,МУУУ-22023,2022,23,a36e1c1f7abc4cd081b6081580f29338,2022-02-25,2022-03-05,15,2,EducationCompleted,200,8e7181f962ad46c883df3c6d5c7be75a,12643a654501e500bfea9e1e1da982b1,,aba5049bf92748b79271266ed2b659c7
475a58ac9ba14ff3b2ee556ef8ce0163,КОРМ-22014,2022,14,973b195eab01416e9a1e620eacaf3585,2022-02-01,2022-02-16,12,2,EducationCompleted,200,ba93c019f34e4e058e91702cf8c906bf,12643a654501e500bfea9e1e1da982b1,,aba5049bf92748b79271266ed2b659c7
d85c72c29d274a9db7ca21b22440f7e3,ВАПР-21025,2021,25,acf7d69e4d1a491789c73a1f377b2788,2021-12-27,2022-02-06,20,7,EducationCompleted,200,,12643a654501e500bfea9e1e1da982b1,,aba5049bf92748b79271266ed2b659c7
79af3d4bc9f041528902ad3349d0ec91,ПОРТ-22017,2022,17,f69668d199b941e6a62ff0e40c7422cc,2022-02-01,2022-02-28,25,1,EducationCompleted,200,bd840325689c4b57aed395ea9ff58bef,12643a654501e500bfea9e1e1da982b1,,92299301d3464f9989b4771985b56e0c
bb08fe3abb6345ff8c9083b095bf43a1,АААА-21022,2021,22,b69a8b81a4b948439aaca78fe594d8ba,2021-12-22,2021-12-31,5,4,EducationCompleted,,,24688da54501e501bfea9e1e4da982e2,,626f20f7c3c64632b55df0ca629a8f24
aaac0e14a98b45e3af04c7fdc6fa7ca9,СЛОН-21027,2021,27,9c41ae68ffeb48428697cc31b8350a9f,2021-11-29,2022-01-24,20,3,EducationCompleted,200,,12643a654501e500bfea9e1e1da982b1,,122e65d8dc8347d2885f2c76418c1e41
6f9d00ecab28455b90a6d2a7687cc8fd,ПОРТ-22010,2022,10,d2bba87027204aa8a308e1592aded700,2022-02-08,2022-02-27,23,3,EducationCompleted,200,a3a0ecdd651b45418b6f72bebcdd3ff5,12643a654501e500bfea9e1e1da982b1,,36603b54757844ae92133ad9c524a4b3
88e2c84690ff4d259461d8875e89b2f6,ГОРА-22018,2022,18,f69668d199b941e6a62ff0e40c7422cc,2022-02-01,2022-02-28,25,0,EducationCompleted,200,a92260f3f6c04b6ebcca8ed2131fb5d6,12643a654501e500bfea9e1e1da982b1,,92299301d3464f9989b4771985b56e0c
3ec0be6a338b4006949a022f760132ea,ТОРТ-22011,2022,11,997ac3cccead4172947bb313deb4b41f,2021-12-01,2022-02-15,10,1,EducationCompleted,200,9c23f2c87bf24a2ca3fb2e63673a054f,12643a654501e500bfea9e1e1da982b1,,aba5049bf92748b79271266ed2b659c7
b87677d1d88e4c3f8ab03d3013f8ee7c,АБВГ-22002,2022,2,0bf6f7195e104b8baf133e17311dd2f3,2022-01-10,2022-01-13,12,0,EducationCompleted,,,3d558de54501e710bfea9e1e1da952d3,,d832c82bed014f38849bcfe017f7c773
6bd7102a86ba4b7cbdc32b9bcad1495c,АКЕП-21020,2021,20,2ad86deb622b458fab79373d760c90a1,2021-12-03,2021-12-14,5,2,EducationCompleted,,,3d558de54501e710bfea9e1e1da952d3,,5fe0993f0b19497aaca51a16869c0abd
94a3d7fb1a9e4f46a9ed39abf24bd9ce,ТТТЕ-20-003,2020,3,d494f158b4734e4d8a192ea16e6c5132,2020-10-06,2020-12-23,12,1,EducationCompleted,,3969b3e0129a4c84a4d9779b75710010,3d558de54501e710bfea9e1e1da952d3,,92299301d3464f9989b4771985b56e0c
e624f47d93104528995ac6d23f0d542d,ЩЩЩЩ-21015,2021,15,b2fdb1b3d9d34b39b90d28d3de05017a,2021-03-03,2021-04-30,50,4,EducationCompleted,,c3471518e9db425faf2aa929a6b0336a,3d558de54501e710bfea9e1e1da952d3,,e7a447144aa64ae28b66341091c62d85
0a13ab0d80d545fd8ced8ee20e6603e0,ЖДЖД-20169,2020,169,9f7c54d4261145ec929a31e9f42ce12a,2020-12-23,2021-01-08,22,1,EducationCompleted,,a91a240bc4d84276be1843d028e3d87c,3d558de54501e710bfea9e1e1da952d3,,d832c82bed014f38849bcfe017f7c773
694fd22e8f544953b42671cf6d3c31b4,АААА-21013,2021,13,2ad86deb622b458fab79373d760c90a1,2021-03-01,2021-03-07,4,12,EducationCompleted,,0c451d2117a94801a67b872ce1f24dcc,3d558de54501e710bfea9e1e1da952d3,,92299301d3464f9989b4771985b56e0c
e3b0fab2a8ea4c4ca22eaffd54033df3,ПИМА-20192,2020,192,5023409e32774ed1b4743fe9828c0b58,2020-12-23,2020-12-25,4,0,EducationCompleted,,9738224e6516427183a844fef7138f7c,3d558de54501e710bfea9e1e1da952d3,,92299301d3464f9989b4771985b56e0c
28f668300a3c4dd998a96a0627c58c77,ИТИТ-21016,2021,16,b2fdb1b3d9d34b39b90d28d3de05017a,2021-03-22,2021-03-31,10,0,EducationCompleted,,b40ebd3049ee490993ef60313dc3901b,3d558de54501e710bfea9e1e1da952d3,,e7a447144aa64ae28b66341091c62d85
c05a2158bc1e4600b239cd52bf836a4c,КККК-20170,2020,170,9952eaafa4f84dd8b5433ef57bb55a1d,2020-12-22,2021-01-08,11,1,EducationCompleted,,03c7b7ebffe94e1ab0bbc17248fc5064,12643a654501e500bfea9e1e1da982b1,,ad40aa3f04cd4db3ac1133c0164a49cb
7fda709d020d42e482daf8ebbc7c99a9,ПППП-21004,2021,4,5023409e32774ed1b4743fe9828c0b58,2021-01-21,2021-01-31,7,5,EducationCompleted,,4517b9da320c4e50913ae111e49bc544,3d558de54501e710bfea9e1e1da952d3,,92299301d3464f9989b4771985b56e0c
adff6537b06c4fda846c4bad0580a167,ОЛГА-20142,2020,142,ce326fc97364499e80c480750e2002e7,2020-12-02,2020-12-31,20,1,EducationCompleted,,14bd54de481d40edbb36181457dec01b,3d558de54501e710bfea9e1e1da952d3,,d832c82bed014f38849bcfe017f7c773
358c143e16414e3e8ef15f5b20756229,ЖЖЖЖ-21006,2021,6,9bd9e534c24c4f30bd18fee1ee67b1b7,2021-01-27,2021-04-17,10,2,EducationCompleted,,a96275dba7b54dc69817e57ed0a1e552,3d558de54501e710bfea9e1e1da952d3,,d832c82bed014f38849bcfe017f7c773
24ccd6a6d8ef46d6afc39d77faade9ed,ББББ-21014,2021,14,2ad86deb622b458fab79373d760c90a1,2021-03-08,2021-03-14,4,4,EducationCompleted,,d5b1b74f71e24a608f9df2029036f564,3d558de54501e710bfea9e1e1da952d3,,92299301d3464f9989b4771985b56e0c
b8d4e9b588c84dc885e97b24089f5ddb,МСАВ-20193,2020,193,5023409e32774ed1b4743fe9828c0b58,2020-12-24,2020-12-24,2,0,EducationCompleted,,0528782d29664f9c8c836f75f26635e3,3d558de54501e710bfea9e1e1da952d3,,92299301d3464f9989b4771985b56e0c
b0dabf1c1fde47e3a414d68aba4bdd3c,ВПСГ-21017,2021,17,0a44e57f56d844dd8e543147db0b9f3d,2021-08-16,2021-08-21,10,2,EducationCompleted,,,3d558de54501e710bfea9e1e1da952d3,,92299301d3464f9989b4771985b56e0c
c767634283a24ab2b29879a473f0a63e,УКСУ-21024,2021,24,8ac9bbfcb41c4c54b7912a92325863c5,2021-12-27,2022-01-30,20,3,EducationNotHappened,,,3d558de54501e710bfea9e1e1da952d3,,aba5049bf92748b79271266ed2b659c7
5aead112125a476c8fae9202e68e94dc,СМЕХ-22006,2022,6,cf90dc90d7ab45d6a9fb1598d61d2057,2022-01-03,2022-01-24,10,0,EducationCompleted,,,3d558de54501e710bfea9e1e1da952d3,,aba5049bf92748b79271266ed2b659c7
eba19e92f56d4395a17d5d6650202724,АААА-21005,2021,5,0a44e57f56d844dd8e543147db0b9f3d,2021-01-21,2022-03-23,10,3,EducationCompleted,,3853e6f810344d80a1951eb97839caf3,24688da54501e501bfea9e1e4da982e2,,5fe0993f0b19497aaca51a16869c0abd
b9657686064546979dbca112b171bff1,АААА-21-00123,2020,123,d5c12afbc4234729bd9ae23cca74b7d1,2022-01-20,2022-03-01,17,2,EducationCompleted,,2219d7d73035443399adf3836b499a5a,3d558de54501e710bfea9e1e1da952d3,,92299301d3464f9989b4771985b56e0c
82c749d59e1643a7b8c17151039f4b83,ХЕХЕ-20188,2020,188,ace382e55d8740709a0e7468ab9ea15e,2021-01-11,2021-02-28,77,2,EducationNotHappened,200,bb6f115f60484a5eb99a0dcab9f8e8d2,24688da54501e501bfea9e1e4da982e2,,92299301d3464f9989b4771985b56e0c
4a8e8ae180824d039c2140b6ea3e45bc,АКУА-20154,2020,154,0a44e57f56d844dd8e543147db0b9f3d,2020-12-29,2020-12-31,4,1,EducationCompleted,,28a861cfb2fc493787d37aa1b260f9c9,12643a654501e500bfea9e1e1da982b1,,250f4c9981724a85b81b8941dce8324c
6d8a678d7965431da4fcde6147ce1297,КОРМ-22012,2022,12,973b195eab01416e9a1e620eacaf3585,2022-01-31,2022-02-14,10,2,EducationCompleted,200,6eb5929e4c614f75b0107b21176204d5,12643a654501e500bfea9e1e1da982b1,,aba5049bf92748b79271266ed2b659c7
f56bef0962a74da1a53faaab4d5e9d05,ТОРТ-22015,2022,15,b1deb8b080b046989b7a66915ed04540,2022-02-01,2022-02-16,13,2,EducationCompleted,200,db1366b0367843a5b3e5d26d3f96fee4,12643a654501e500bfea9e1e1da982b1,,aba5049bf92748b79271266ed2b659c7
2946657b8d1240bc80c7329390f4a181,НМГУ-20141,2020,141,9238d73f14e7456f97dbb1ba445c11f2,2020-12-31,2021-03-05,42,1,EducationCompleted,,1c98cd13a2044dbfad46e8814fa6d85d,3d558de54501e710bfea9e1e1da952d3,,3cb72bc68c434619a62dc10a184136b4
516039ab393e44808e3573b5605db4ab,МУДЛ-20143,2020,143,9952eaafa4f84dd8b5433ef57bb55a1d,2020-12-14,2020-12-15,50,0,EducationNotHappened,,62907ec466ce4046a778710531c98f03,12643a654501e500bfea9e1e1da982b1,,ad40aa3f04cd4db3ac1133c0164a49cb
6747033323a44069a0777288045d6222,ГПРЕ-20131,2020,131,b70b2be33d254b17a6347282997c92ac,2020-10-26,2020-11-14,25,4,EducationNotHappened,,647434cba36e4655bd032e965f781c16,3d558de54501e710bfea9e1e1da952d3,,901ba62267204adda1dd3e0f13312d91
6f0f70efcf494c6e87cbfa51307de7b3,НГГЦ-20132,2020,132,b70b2be33d254b17a6347282997c92ac,2020-12-18,2020-12-29,50,6,EducationInProgress,,1725e2a102e54ed3a8693de2a1e2023c,3d558de54501e710bfea9e1e1da952d3,,901ba62267204adda1dd3e0f13312d91
d6c0e1ccba4a4d019efba4d2493204c9,АААА-20190,2020,190,8ac9bbfcb41c4c54b7912a92325863c5,2022-03-02,2022-03-20,5,1,EducationCompleted,,7f55e257b458450aa054a87dd8f0b609,3d558de54501e710bfea9e1e1da952d3,,92299301d3464f9989b4771985b56e0c
5fa455d3f8704bc780a6e4e1f70aa8c3,АКУВ-20153,2020,153,d2bba87027204aa8a308e1592aded700,2020-12-23,2020-12-31,4,0,EducationCompleted,,5ee498a75c2d4585a928423f7f4d0606,3d558de54501e710bfea9e1e1da952d3,,626f20f7c3c64632b55df0ca629a8f24
3061eb511d34467d8fd4ff3adc5be9db,ББББ-21001,2021,1,5023409e32774ed1b4743fe9828c0b58,2021-08-29,2021-11-30,6,3,EducationCompleted,,65141f96a47a4471bc80c713db2bec79,3d558de54501e710bfea9e1e1da952d3,,d832c82bed014f38849bcfe017f7c773
413c4a528cac41b2b6fc431a0c5557b8,АААА-20162,2020,162,2ad86deb622b458fab79373d760c90a1,2022-07-01,2022-08-31,10,5,EducationCompleted,,b0288db4ad8449b5b298a9ec51198b3b,3d558de54501e710bfea9e1e1da952d3,,768822c3b6304db496e14d094cc5ef60
bba04f3c1ae34f78ae6f4fcae5795fe5,КАПЕ-20152,2020,152,df64641ac2fa47b08f14b4ac87ab7d94,2020-12-22,2020-12-22,4,0,EducationCompleted,,9382b271efa445dcbf9600099275d3dc,3d558de54501e710bfea9e1e1da952d3,,a6124d4a8db74fe48d064adb0afddfea
45f4d15ef5674b7697d7e4c87c7d5af9,ОЛЛО-21003,2021,3,ce326fc97364499e80c480750e2002e7,2020-12-20,2020-12-23,22,1,EducationCompleted,,72bbd0f1e6da47cc914546b3900b29b2,3d558de54501e710bfea9e1e1da952d3,,d832c82bed014f38849bcfe017f7c773
5fb7e92aa1114d4ab5f6077a8801eb1d,МСАВ-20194,2020,194,5023409e32774ed1b4743fe9828c0b58,2020-12-24,2020-12-24,2,0,EducationCompleted,,e985f2da38ad4cfa96578c556a948112,3d558de54501e710bfea9e1e1da952d3,,92299301d3464f9989b4771985b56e0c
b288a86313e6485aa3b73c33a9d756a5,НННН-20124,2020,124,94e38523ba5f48b98cd146ab492a6441,2021-01-01,2021-01-23,6,0,EducationNotHappened,,44e4e358d2864fc4a0d5fd75ad77f436,3d558de54501e710bfea9e1e1da952d3,,92299301d3464f9989b4771985b56e0c
a6b9d2ab3fe347eeb0fd7c44f3098306,ЧАТТ-21010,2021,10,5023409e32774ed1b4743fe9828c0b58,2021-02-22,2021-03-31,10,4,EducationCompleted,,98ff6fb53b5140d1937668f0fb804aec,3d558de54501e710bfea9e1e1da952d3,,92299301d3464f9989b4771985b56e0c
6b6608bd852d432ab2b2a9fff3d3670b,ПППП-21007,2021,7,32c99ee649034bb89cd95f75c2b9e43e,2021-02-01,2021-02-07,5,1,EducationCompleted,,955cee54760a4a568213764bf9f3be78,3d558de54501e710bfea9e1e1da952d3,,92299301d3464f9989b4771985b56e0c
cb1cd493f6044d5bbe76465589122ee4,РРРР-21008,2021,8,54b966450fdb436db4ac88708b73becc,2021-02-01,2021-02-07,5,1,EducationCompleted,,95656fd0d9884986bce0c55c917a1832,3d558de54501e710bfea9e1e1da952d3,,92299301d3464f9989b4771985b56e0c
ec3831e74c9b4caa8119dd5c4d92f460,ВВВВ-20149,2020,149,a20c7e2432dc4e14afc0ecc6b2e4fdcd,2020-12-21,2021-04-30,6,3,EducationCompleted,,4efb84aabe6a4407a20f2875655fa41f,3d558de54501e710bfea9e1e1da952d3,,d832c82bed014f38849bcfe017f7c773
d19def610f9e4ab2974104be81734c0e,УУУУ-20126,2020,126,94e38523ba5f48b98cd146ab492a6441,2020-10-21,2020-11-08,4,1,EducationNotHappened,,85d569af36174746a2cb7962ccd1cdb6,3d558de54501e710bfea9e1e1da952d3,,92299301d3464f9989b4771985b56e0c
ddce789430d8415cb820eadf4a86caaa,РПГД-20133,2020,133,54b966450fdb436db4ac88708b73becc,2020-11-09,2020-11-16,10,1,EducationCompleted,,fa0868542d9a476d895ae8998ffe61ec,3d558de54501e710bfea9e1e1da952d3,,92299301d3464f9989b4771985b56e0c
ee2f0d6dcc7743e893182651d18a7a30,АБЦК-20134,2020,134,2ad86deb622b458fab79373d760c90a1,2020-10-27,2020-10-29,1,2,EducationNotHappened,,db6108c95f8e45ebbe01dba766025c8c,3d558de54501e710bfea9e1e1da952d3,,92299301d3464f9989b4771985b56e0c
303ecfdeb32b413586144625375dca68,ММВВ-20173,2020,173,9952eaafa4f84dd8b5433ef57bb55a1d,2020-12-22,2021-01-20,22,1,EducationCompleted,,fb7f6af97628405084b021de835fb639,3d558de54501e710bfea9e1e1da952d3,,ad40aa3f04cd4db3ac1133c0164a49cb
43b0276c2a5141469cefe13f8354d1b8,УРТУ-20128,2020,128,fcb510ef47a04196a2835c81cd19d77b,2020-10-28,2020-11-27,5,5,EducationNotHappened,,e1d52648603d4aecb9ccc35c1dda8854,12643a654501e500bfea9e1e1da982b1,,92299301d3464f9989b4771985b56e0c
14efc04342ea459f90e6f118b56e9c2b,ОЛОЛ-20139,2020,139,9f7c54d4261145ec929a31e9f42ce12a,2020-11-26,2020-12-24,12,1,EducationCompleted,,a096ed96bc1f44e9a9ec0f756ebf5b04,12643a654501e500bfea9e1e1da982b1,,d832c82bed014f38849bcfe017f7c773
3e61d39003fd4f8fa8f9636511dbb4d6,ФВФВ-20168,2020,168,9f7c54d4261145ec929a31e9f42ce12a,2020-12-21,2021-01-31,12,0,EducationCompleted,,a636c057d95646c4b2650495f44a026d,12643a654501e500bfea9e1e1da982b1,,d832c82bed014f38849bcfe017f7c773
4f672d3655764616a3db51e0db4d6949,КЕПМ-20183,2020,183,f2fd0a10d85a462daa114f1d9e914645,2021-02-17,2021-03-12,4,0,EducationCompleted,,7d6d16086ce74b48bcfd7b9bd6e528e6,12643a654501e500bfea9e1e1da982b1,,8540a98ed5334abdaeeff83f1c3a9720
89e43242bc8340d29edde8e6c9e09fc5,ВВВВ-21011,2021,11,e04e7b201e214c96a2b2a70b2128e98c,2021-02-22,2021-04-30,15,6,EducationCompleted,,2daf7fa84a7f46a1b7ac2c39a493db8f,12643a654501e500bfea9e1e1da982b1,,92299301d3464f9989b4771985b56e0c
fc5b70bca5474b09acadd6ac6f2f1e73,ВСМА-20150,2020,150,9bd9e534c24c4f30bd18fee1ee67b1b7,2020-12-16,2020-12-25,44,4,EducationCompleted,,7e9d378e8f3d4c90ad1b0c6c6fb5e89f,12643a654501e500bfea9e1e1da982b1,,d832c82bed014f38849bcfe017f7c773
52945dd88bd44e6f92f0a382d44d90f8,ТЕСТ-20138,2020,138,9f7c54d4261145ec929a31e9f42ce12a,2021-01-01,2021-01-25,21,2,EducationCompleted,,e861e7149ede424983d0444bec7b2cba,12643a654501e500bfea9e1e1da982b1,,d832c82bed014f38849bcfe017f7c773
e6376ac1c84c48b9aea6526ae55263bd,АААА-20179,2020,179,d2bba87027204aa8a308e1592aded700,2022-01-13,2022-03-16,12,1,EducationCompleted,,2eedc0d777924552b9514ab0b2a5b1d7,3d558de54501e710bfea9e1e1da952d3,,ad40aa3f04cd4db3ac1133c0164a49cb
16e72e276cce43b38542208ea422fd90,АААА-20164,2020,164,0bf6f7195e104b8baf133e17311dd2f3,2020-12-08,2020-12-25,13,7,EducationNotHappened,,9a0779c2dde546f1b3313805d2adcdac,12643a654501e500bfea9e1e1da982b1,,ad40aa3f04cd4db3ac1133c0164a49cb
eef2353ec2c540128bfd67b33144ef82,ТЕСТ-22013,2022,13,46a565db9c08465688f7f1b736187829,2022-02-10,2022-02-14,15,2,EducationCompleted,200,3fbbfeaa19c2484d9df24eba534dfb2d,12643a654501e500bfea9e1e1da982b1,,d832c82bed014f38849bcfe017f7c773
045a999354404376b4335197c8584be6,МУУУ-20146,2020,146,9f7c54d4261145ec929a31e9f42ce12a,2020-12-02,2020-12-20,11,2,EducationInProgress,,5aea96cdc5eb4ae0934964182f9b5a57,3d558de54501e710bfea9e1e1da952d3,,d832c82bed014f38849bcfe017f7c773
2319c742fcd14378b7f45044a6bb8c5a,АААА-20178,2020,178,ace382e55d8740709a0e7468ab9ea15e,2021-02-03,2021-03-01,4,2,EducationCompleted,,65987333684d4f2c8b659b4cdb0d1560,12643a654501e500bfea9e1e1da982b1,,d832c82bed014f38849bcfe017f7c773
dc204a90cfef4137a7a7edbcd4e16108,АААА-20191,2020,191,0bf6f7195e104b8baf133e17311dd2f3,2021-01-01,2021-03-05,4,1,EducationNotHappened,,323a6033f31b4ca9a75625655a7d4932,3d558de54501e710bfea9e1e1da952d3,,92299301d3464f9989b4771985b56e0c
2e61cd47d3b44fc3b21954504aab9bb1,АААБ-20174,2020,174,32c99ee649034bb89cd95f75c2b9e43e,2020-12-09,2022-03-03,118,6,EducationCompleted,,3d25f45b9cda4cbd8e39054bb2ba27e7,3d558de54501e710bfea9e1e1da952d3,,0e1ab4456a9049ec96c202ecaef11306
a656a967341b4168aa5b1436d9e6381c,ОООО-20135,2020,135,9f7c54d4261145ec929a31e9f42ce12a,2020-10-06,2020-10-29,3,5,EducationNotHappened,,f412d34ab1f940b1b38a3dc1735381ea,3d558de54501e710bfea9e1e1da952d3,,d832c82bed014f38849bcfe017f7c773
6ff4a2d00d794f13b2e6dac0af4dee3f,ТЕСТ-21028,2021,28,14c3ef09679841c7aaa2e6684f1f298d,2021-12-24,2022-01-24,11,0,EducationCompleted,,,3d558de54501e710bfea9e1e1da952d3,,aba5049bf92748b79271266ed2b659c7
954d15fc1ca445f8aadc83ba17b7fa43,ЯЯЯЯ-22020,2022,20,931ce85de5b64486aa889a51fbcb5dbd,2022-02-23,2022-02-26,23,0,EducationCompleted,,42eeb9fa699947499f9a2b2f5695d839,3d558de54501e710bfea9e1e1da952d3,,250f4c9981724a85b81b8941dce8324c
bd4d7ced0a034f76a51d035fa9349e36,ГГГГ-21012,2021,12,e04e7b201e214c96a2b2a70b2128e98c,2021-02-22,2021-03-31,15,5,EducationCompleted,,02aa941bfb4e47f7bb83c84bde8d019a,12643a654501e500bfea9e1e1da982b1,,92299301d3464f9989b4771985b56e0c
07efb28e6a3d4b17bccf151d9020769f,КАВУ-20184,2020,184,4de548ee3a6642f8ba5f6dcbea3389f8,2020-02-03,2021-03-03,3,0,EducationCompleted,,b70d4895b6f749c48211f3c7c920efc2,12643a654501e500bfea9e1e1da982b1,,250f4c9981724a85b81b8941dce8324c
dd44c9c9f57a45a6a2215ea927f6e2eb,АААА-20140,2020,140,9238d73f14e7456f97dbb1ba445c11f2,2022-03-01,2022-03-15,4,10,EducationCompleted,,a2231811bce14392ad56234d11db654c,12643a654501e500bfea9e1e1da982b1,,d832c82bed014f38849bcfe017f7c773
79a394b2e0ca4d6db31162dd23eab044,ЯЯЧЧ-20175,2020,175,9f7c54d4261145ec929a31e9f42ce12a,2020-12-22,2020-12-24,11,6,EducationCompleted,,8b3656713b08401b98fd3c27305451ed,12643a654501e500bfea9e1e1da982b1,,d832c82bed014f38849bcfe017f7c773
cbe71f3b22094f24a7a5f1f5bb4400d8,АПГК-20165,2020,165,e04e7b201e214c96a2b2a70b2128e98c,2021-04-01,2021-04-28,14,1,EducationCompleted,,ee4503b924624fa095c1f6c8057284d4,12643a654501e500bfea9e1e1da982b1,,92299301d3464f9989b4771985b56e0c
e55651ddbc734ac498760e58de0af7bd,ФЫФЫ-20166,2020,166,9952eaafa4f84dd8b5433ef57bb55a1d,2020-12-22,2020-12-31,22,0,EducationCompleted,,bf0c7fe889744be88ab42b1c4c8ac10b,3d558de54501e710bfea9e1e1da952d3,,ad40aa3f04cd4db3ac1133c0164a49cb
37d96ee0a92d4dd0924a34005306f77c,МАПИ-20182,2020,182,62dc64b584f04d3595d59dd1bab03e69,2020-12-23,2020-12-31,4444,0,EducationCompleted,,6f595af8ec584b43a94c716e663e9cfb,3d558de54501e710bfea9e1e1da952d3,,ad13a78dcf7e48eab69450cc354c277a
21b9042ddfc744259c9eee631e11aade,КУПИ-21009,2021,9,5023409e32774ed1b4743fe9828c0b58,2021-02-01,2021-02-07,4,1,EducationCompleted,,dd7f3a81f0d04a828b620260ee2f4f05,3d558de54501e710bfea9e1e1da952d3,,92299301d3464f9989b4771985b56e0c
c8527528a6cb4eb5b6eda6147eb3ba11,ФФФФ-20167,2020,167,9f7c54d4261145ec929a31e9f42ce12a,2020-12-21,2021-02-25,11,0,EducationCompleted,,d10be0470158444f8dbf322db5cb70f9,3d558de54501e710bfea9e1e1da952d3,,d832c82bed014f38849bcfe017f7c773
6caa4aac686e49eb97ef7133a94bc3a0,ММАА-20171,2020,171,9952eaafa4f84dd8b5433ef57bb55a1d,2020-12-22,2021-01-31,10,3,EducationCompleted,,93cfd85e7e25401398756c07fffdbb3a,12643a654501e500bfea9e1e1da982b1,,ad40aa3f04cd4db3ac1133c0164a49cb
2bd49e0faf9c41e1905c39d87fc7967c,ПППП-20151,2020,151,809ca47054704b969f9d67a4c7f4919f,2021-01-18,2021-02-01,5,1,EducationCompleted,,9e0b508f1a09448fa4bb915121e4fa97,24688da54501e501bfea9e1e4da982e2,,0e1ab4456a9049ec96c202ecaef11306
11aa2b736bf147b7a4b97a8105e3ca67,ФФЭЭ-20189,2020,189,54b966450fdb436db4ac88708b73becc,2020-12-24,2020-12-26,11,1,EducationInProgress,,e8e54f490607448d82d2a46112f47b7f,24688da54501e501bfea9e1e4da982e2,,92299301d3464f9989b4771985b56e0c
642468cf1c164d99a402e8c306febe0d,ЧДОТ-20144,2020,144,9952eaafa4f84dd8b5433ef57bb55a1d,2020-12-14,2020-12-17,10,5,EducationCompleted,,6088295972b34eba83734ae3e9c00579,24688da54501e501bfea9e1e4da982e2,,ad40aa3f04cd4db3ac1133c0164a49cb
916bb83fe82f45eeb1cec73183d38e4b,ИИИИ-20129,2020,129,94e38523ba5f48b98cd146ab492a6441,2020-10-21,2020-11-07,5,3,EducationCompleted,,693515589d9341458e2130e636dd2736,24688da54501e501bfea9e1e4da982e2,,92299301d3464f9989b4771985b56e0c
ffcf79f58c0940c0bd832c07fcc79962,ЧЧЧЧ-20155,2020,155,a20c7e2432dc4e14afc0ecc6b2e4fdcd,2020-12-18,2021-01-31,50,1,EducationCompleted,,c319c71aabb64e42bcfc728861a2c975,24688da54501e501bfea9e1e4da982e2,,d832c82bed014f38849bcfe017f7c773
20c1ccff191848e28d1b8d2f23f8024a,ВВВВ-20181,2020,181,9f7c54d4261145ec929a31e9f42ce12a,2020-12-23,2020-12-31,11,1,EducationCompleted,,7d8a1068276d43e597ea25387131cc81,24688da54501e501bfea9e1e4da982e2,,d832c82bed014f38849bcfe017f7c773
63ecfeb951234f5293017706d5470161,ТЕСТ-22021,2022,21,df402d2f40b14d939301599998d3eea0,2022-02-01,2022-03-10,10,1,EducationCompleted,200,8c3889a05e2a4ef4af67fc1059919be6,12643a654501e500bfea9e1e1da982b1,,5fe0993f0b19497aaca51a16869c0abd
f163c128aa404c329a5888ce603174e8,АААА-20176,2020,176,54b966450fdb436db4ac88708b73becc,2020-12-01,2020-12-31,12,9,EducationNotHappened,,b7b77e9e00e746419ab323987e7aa48c,3d558de54501e710bfea9e1e1da952d3,,d832c82bed014f38849bcfe017f7c773
ef56643cba3f498e980eee732c056a02,ТИРА-20159,2020,159,9952eaafa4f84dd8b5433ef57bb55a1d,2020-12-09,2022-03-14,5,1,EducationCompleted,,ce362f38d43d4d02925efdb2bead8dd8,3d558de54501e710bfea9e1e1da952d3,,ad40aa3f04cd4db3ac1133c0164a49cb
e2c4394a28f445c3a7bd85d817c7c72d,АААА-20163,2020,163,5023409e32774ed1b4743fe9828c0b58,2020-12-01,2020-12-31,13,7,EducationNotHappened,,44292988bce249e7a049bc75341d044e,12643a654501e500bfea9e1e1da982b1,,d832c82bed014f38849bcfe017f7c773
045f60731bf44632acbde5548e650f3b,МАРТ-22022,2022,22,f69668d199b941e6a62ff0e40c7422cc,2022-02-01,2022-03-09,15,1,EducationCompleted,200,0e6be792b32d4c8db36e3bfdfdebc815,12643a654501e500bfea9e1e1da982b1,,92299301d3464f9989b4771985b56e0c
a9b414bb5f2e427faba54c3ad5b0785c,ХОХО-20187,2020,187,8aee4045f6fd43059b4f5fbc47b74b62,2021-12-20,2021-12-31,44,3,EducationCompleted,200,15d5a808dd2e4711a192598da32f2546,12643a654501e500bfea9e1e1da982b1,,5fe0993f0b19497aaca51a16869c0abd
d7788ec691d74c91a32107fbab71142e,КАВЫ-20186,2020,186,8d7a508fe3b34db1b9f27ee70fdfae4a,2020-12-23,2021-07-02,5,7,EducationInProgress,,647b25b546754111bd2d12eb0fc08b78,12643a654501e500bfea9e1e1da982b1,,92299301d3464f9989b4771985b56e0c
e0dc1cdd53e340148e8afc628824a146,АВАВ-20177,2020,177,5023409e32774ed1b4743fe9828c0b58,2020-12-23,2021-12-01,24,0,EducationCompleted,,99251c768df74a46a092a6e75e27a808,24688da54501e501bfea9e1e4da982e2,,ad40aa3f04cd4db3ac1133c0164a49cb
482bd72be6b54edaba48f7287ce90087,АААА-20158,2020,158,c024e49ed5af4c83922c060c360972dc,2022-01-31,2022-03-20,4,11,EducationCompleted,,30f2c3f53d524026af7494c299046f6b,3d558de54501e710bfea9e1e1da952d3,,ad40aa3f04cd4db3ac1133c0164a49cb
b28db47ea4144db5b863e779f5fb7fd8,АВУК-20185,2020,185,b69a8b81a4b948439aaca78fe594d8ba,2020-12-23,2020-12-30,4,0,EducationCompleted,,a26bb049831d4cd38b92d7f6e1d8680c,12643a654501e500bfea9e1e1da982b1,,3b6a2fe437e04869a5846f98b6a74a61
a51febdd66404214a6634b836c123a9f,ИРОД-22031,2022,31,500a44f78e9044908b3c239fd5a20555,2022-03-28,2022-04-07,23,2,EducationCompleted,,,3d558de54501e710bfea9e1e1da952d3,,bbae958e12324fc0b28082be2055b96f
975518ffd5394bf49eba4efde825f9fe,ТТТТ-22040,2022,40,2456f2b879fc4dfbb532c30071c7d79f,2022-04-20,2022-05-05,12,2,EducationCompleted,,,3d558de54501e710bfea9e1e1da952d3,,bbae958e12324fc0b28082be2055b96f
f68cb5ba840d477ca21c029fdf16a638,МОКК-13001,2013,1,b0365d5d729f49ce9dddb4f8985d5ad9,2013-04-03,2022-04-10,25,1,EducationCompleted,200,,12643a654501e500bfea9e1e1da982b1,,bbae958e12324fc0b28082be2055b96f
034fe6a9c3f34644a9a989d84d272b0c,САВВ-22032,2022,32,a20d629bc90548d8b57cc22c529dc79a,2022-02-28,2022-04-09,25,1,EducationCompleted,,,3d558de54501e710bfea9e1e1da952d3,,36603b54757844ae92133ad9c524a4b3
9e5f0b85c33f401cb863c97559e1a514,РРРО-22027,2022,27,dc8a89cbb3c54ea5827b437248224ff2,2022-03-27,2022-05-01,23,1,EducationNotHappened,,,12643a654501e500bfea9e1e1da982b1,,aba5049bf92748b79271266ed2b659c7
a92f3f988e264570adb6fb88dd74457c,АБВГ-22025,2022,25,ace382e55d8740709a0e7468ab9ea15e,2022-03-29,2022-03-30,123,0,EducationCompleted,200,e61ebdc6685944afaaa630cd5fc2b7e0,12643a654501e500bfea9e1e1da982b1,,aba5049bf92748b79271266ed2b659c7
8f93882231974d7d820ef71bada23e87,АААА-20127,2020,127,26cb33bcaf08472baba3160214572e5b,2022-06-06,2022-08-25,10,13,EducationCompleted,200,33ae968b073c499784f25cc54c1eec39,24688da54501e501bfea9e1e4da982e2,,d832c82bed014f38849bcfe017f7c773
a4df3416b6ff49e6adf3ca9065ed2e85,ГОРА-22019,2022,19,f69668d199b941e6a62ff0e40c7422cc,2022-02-01,2022-02-28,25,1,EducationNotHappened,200,9f098bcd0ad1414baacb5d9798d4e474,12643a654501e500bfea9e1e1da982b1,,92299301d3464f9989b4771985b56e0c
5867c64db7514324a5f947bc78b1c0d2,ММММ-22042,2022,42,4e557c1e4078496c803c48cb45baed09,2022-04-11,2022-04-22,4,0,EducationCompleted,,,3d558de54501e710bfea9e1e1da952d3,,bbae958e12324fc0b28082be2055b96f
54735bc7f0f747928362ce8729fc6a09,ВВВВ-22026,2022,26,d6fc5f7d7e19487b874d0bcad4f2c7be,2022-03-28,2022-04-01,5,2,EducationCompleted,,,12643a654501e500bfea9e1e1da982b1,,bbae958e12324fc0b28082be2055b96f
4bc9305b9b88427a894c99425b0431b8,ЕЕЕЕ-22034,2022,34,be58fbd2d1f843a78a12d316b792e174,2022-03-28,2022-05-01,5,2,EducationCompleted,,,3d558de54501e710bfea9e1e1da952d3,,37360f1cb7354c51b6255a144729054c
21e22b7a7a8049dd807d41071f33c694,ТТТТ-22028,2022,28,7707de566cf44cfea1b12c917d3f0c4f,2022-04-03,2022-05-09,5,3,EducationCompleted,,,3d558de54501e710bfea9e1e1da952d3,,626f20f7c3c64632b55df0ca629a8f24
58f593f822df4e96a35c650373b56cf9,ИРОД-22030,2022,30,9fdd3e5a192643aa942c1af157f38147,2022-03-28,2022-04-07,20,2,EducationCompleted,200,,12643a654501e500bfea9e1e1da982b1,,bbae958e12324fc0b28082be2055b96f
bcddbe8eae234c17bd6255d6fd5a37dd,БББО-22036,2022,36,293f0aedee944d33b43831f5e853f59b,2022-03-01,2022-05-15,6,1,EducationCompleted,,,3d558de54501e710bfea9e1e1da952d3,,aba5049bf92748b79271266ed2b659c7
2d1bce21607b4aa9bc65ca81e6547ad4,ТТТТ-22041,2022,41,de29b9de257e4e519e575c28d470b19c,2022-04-21,2022-04-22,10,5,EducationCompleted,,,3d558de54501e710bfea9e1e1da952d3,,bbae958e12324fc0b28082be2055b96f
20a67efa60f34d978422545aa80319fc,ТТТТ-22035,2022,35,d9a699ffaed14cd2912c1f4bfae007ec,2022-04-13,2022-04-14,33,1,EducationCompleted,,,3d558de54501e710bfea9e1e1da952d3,,bbae958e12324fc0b28082be2055b96f
9ad65cd76c7d40d19286b2dbf0656582,УУУУ-22029,2022,29,f3d76ec7398241e9bb5ee6a8782a9696,2022-03-28,2022-04-30,22,1,EducationCompleted,,,3d558de54501e710bfea9e1e1da952d3,,aba5049bf92748b79271266ed2b659c7
ecbff376bc604102b018c511b421119d,МССС-22037,2022,37,d2bba87027204aa8a308e1592aded700,2022-02-19,2022-05-19,134,4,EducationCompleted,203,,12643a654501e500bfea9e1e1da982b1,,36603b54757844ae92133ad9c524a4b3
b7d22cfa2426448baf343eb76b706cfc,ЪЪЪЬ-22039,2022,39,29f04734ccdc4e8ea49482a0051c34cb,2022-04-03,2022-04-23,22,2,EducationCompleted,,,3d558de54501e710bfea9e1e1da952d3,,aba5049bf92748b79271266ed2b659c7
bc7968bf723d4d378003aa411ab4435c,РАЗВ-22024,2022,24,6bffffd79cdc48b0b5a92ab53082ffa2,2022-03-30,2022-04-18,5,2,EducationCompleted,,c219e530b5064c59bfa126d0e2efa2a7,3d558de54501e710bfea9e1e1da952d3,,19193678f24b477ea354decc5efd0993
e35b12e11da0493d9f4c35f3ced1d82e,ХЛРР-22033,2022,33,be58fbd2d1f843a78a12d316b792e174,2022-03-26,2022-06-08,5,6,EducationCompleted,,,3d558de54501e710bfea9e1e1da952d3,,250f4c9981724a85b81b8941dce8324c
0add9221ae5a468bb5df00dafb859b4f,СССС-22038,2022,38,3aa169c063714dde920724fefdc769a3,2022-04-04,2022-04-23,6,0,EducationCompleted,,,3d558de54501e710bfea9e1e1da952d3,,aba5049bf92748b79271266ed2b659c7
b58ea6502cae4a6db0b9d62977d6fd3f,ББББ-22043,2022,43,5ed1474bda674cc1ac5bd46409433f1c,2022-04-22,2022-04-30,22,1,EducationCompleted,,13e601951e424343b6eac7e03ee036ae,3d558de54501e710bfea9e1e1da952d3,,29dcaa49c95e4fedbcd876c3ad7091af
d82ac927424142e996c47ca6d479d940,ДДДД-22044,2022,44,c653a6ee5ccf4eddbce4c73a94b99c26,2022-04-22,2022-04-24,10,1,EducationCompleted,,c4505e3388464771b8799eb6802b3c5a,3d558de54501e710bfea9e1e1da952d3,,bbae958e12324fc0b28082be2055b96f
2349babb783b4422826fb5ade6c2e574,КККК-22049,2022,49,1385e7dc685a48639692607751a5802e,2022-04-27,2022-04-28,10,1,EducationNotHappened,,5caa6665bb5a44b99948d16e996a3e09,3d558de54501e710bfea9e1e1da952d3,,bbae958e12324fc0b28082be2055b96f
1e0eed3a8ada4ae292d4089afde2729a,КККК-22050,2022,50,1385e7dc685a48639692607751a5802e,2022-04-19,2022-04-26,10,1,EducationCompleted,,dfac7a314d7c4b40a17a5f26f77d118d,3d558de54501e710bfea9e1e1da952d3,,bbae958e12324fc0b28082be2055b96f
66a3f8d878f44bedaf4e972f6f5fa8c3,ЬЬЬЫ-22045,2022,45,c653a6ee5ccf4eddbce4c73a94b99c26,2022-04-10,2022-04-29,21,0,EducationCompleted,200,16831a7afe654d59a0c44c5a943030ca,24688da54501e501bfea9e1e4da982e2,,bbae958e12324fc0b28082be2055b96f
70141b5cc2a245e8bb10fe5202698bfb,МИМО-22048,2022,48,40d6f9d489034cdaa4e467cb4dcda566,2022-04-03,2022-04-29,21,1,EducationCompleted,,9da86198a236485499cc365fc3f523a5,3d558de54501e710bfea9e1e1da952d3,,bbae958e12324fc0b28082be2055b96f
11a6b4c6bf7940d494ffb37dd680368d,УСУС-22047,2022,47,a36e1c1f7abc4cd081b6081580f29338,2022-04-01,2022-04-30,15,1,EducationCompleted,,5c0d021fe2b54981a4855a1b4a0f2b2f,3d558de54501e710bfea9e1e1da952d3,,29dcaa49c95e4fedbcd876c3ad7091af
663c50d98830429a9810076a5f8505a0,ИРОД-22046,2022,46,38b0d7a199024fcc9bf6e9799a29f143,2022-04-01,2022-04-30,10,0,EducationCompleted,200,c2811e19b22845ccb4bf7c2606761a4f,12643a654501e500bfea9e1e1da982b1,,bbae958e12324fc0b28082be2055b96f
521bbef94feb48908fc3a34801da3b38,КРАС-22053,2022,53,85aa03dc25d74eb7ae8d62698cf53fb9,2022-04-25,2022-05-29,6,4,EducationCompleted,,9121fabc931c410db8c18bd13903151b,3d558de54501e710bfea9e1e1da952d3,,bbae958e12324fc0b28082be2055b96f
6b864e522d364c059fd1a7ce29e6c306,ПНРЛ-22057,2022,57,2456f2b879fc4dfbb532c30071c7d79f,2022-07-01,2022-07-12,30,1,EducationCompleted,200,73d72f11a44c44e0a3423f8873528236,12643a654501e500bfea9e1e1da982b1,,bbae958e12324fc0b28082be2055b96f
3fde453eb20e4624b7574bc84f5c3b04,СОДЗ-22055,2022,55,8d7a508fe3b34db1b9f27ee70fdfae4a,2022-05-25,2022-05-31,10,5,EducationCompleted,200,8fa1d4fd1401488cadcc1a3621f6300c,12643a654501e500bfea9e1e1da982b1,,92299301d3464f9989b4771985b56e0c
4a78a67eb56d4715930954f0fd036341,ГРАФ-22060,2022,60,0a44e57f56d844dd8e543147db0b9f3d,2022-10-03,2022-10-07,10,1,EducationCompleted,3,05d47dbbb0184e33865a5b581c1502bf,12643a654501e500bfea9e1e1da982b1,,92299301d3464f9989b4771985b56e0c
072c61c892614a3ca00209b631d4bab8,ГГГГ-22056,2022,56,6da612330d244b64a31277111c50f451,2022-06-13,2022-06-30,5,2,EducationCompleted,,a4b2f2bf243141d8b9b21398fe228803,3d558de54501e710bfea9e1e1da952d3,,bbae958e12324fc0b28082be2055b96f
9559a403388c4ae4936e9df6191e4765,ПППП-22051,2022,51,d6fc5f7d7e19487b874d0bcad4f2c7be,2022-05-05,2022-05-19,6,1,EducationCompleted,,a12b51e212f54520bf2af986f2aa0765,3d558de54501e710bfea9e1e1da952d3,,bbae958e12324fc0b28082be2055b96f
eef358e2c61b47fbbad3a0cdda02c2a7,ВАВА-22061,2022,61,4a684821b8dc4697afadb79e658d2c73,2022-10-20,2022-12-17,34,0,EducationInProgress,200,de325339be034fdf80b6ce4ec012d18f,12643a654501e500bfea9e1e1da982b1,,e3e32d4366fc40ef998706de2051fd82
efbc372e014d4690b73bfeac53ee3d1c,КРАС-22054,2022,54,6da612330d244b64a31277111c50f451,2022-05-01,2022-05-19,8,1,EducationCompleted,,ba93eea901344eedbb88fc83533a4b72,3d558de54501e710bfea9e1e1da952d3,,bbae958e12324fc0b28082be2055b96f
2620539d1edf4f94988ff762acb94535,ПППП-22052,2022,52,d6fc5f7d7e19487b874d0bcad4f2c7be,2022-05-06,2022-05-21,7,1,EducationCompleted,,506dde507c6b46269c99f0752543410a,3d558de54501e710bfea9e1e1da952d3,,bbae958e12324fc0b28082be2055b96f
e42cf58b06a54da0913ea13ccb30b672,ППОС-22059,2022,59,e0d6baa3b4fc48c0ba009d76b2475190,2022-07-21,2022-07-24,5,5,EducationCompleted,,72da1825dfc746a2ae05a8efe9057483,3d558de54501e710bfea9e1e1da952d3,,d832c82bed014f38849bcfe017f7c773
de3b387d3d1648abbaf4214c6820974c,ЕНГШ-22058,2022,58,2a3f77fa7c17471fab1fd3e448c72c2a,2022-07-19,2022-07-30,50,0,EducationCompleted,,367037d5c8ee4b2f92c5b75a7660bb83,3d558de54501e710bfea9e1e1da952d3,,bbae958e12324fc0b28082be2055b96f
259f2096cbd540e6bf9ec3eca2af85e3,НТЕС-22062,2022,62,2456f2b879fc4dfbb532c30071c7d79f,2022-09-26,2022-11-17,10000,624,EducationInProgress,2,9adfe0889bd14001ad2ed1e8a731f406,12643a654501e500bfea9e1e1da982b1,,bbae958e12324fc0b28082be2055b96f
4925078591594b3588a865644db72097,ИИИИ-22007,2022,7,df402d2f40b14d939301599998d3eea0,2022-01-24,2022-01-30,2,3,EducationCompleted,,,12643a654501e500bfea9e1e1da982b1,,5fe0993f0b19497aaca51a16869c0abd
f403da26e37c491b8c06635264fba8ed,АААА-20148,2020,148,ace382e55d8740709a0e7468ab9ea15e,2022-06-01,2022-07-31,10,8,EducationCompleted,,53f601f33d2f4dc980a78f373b925d53,3d558de54501e710bfea9e1e1da952d3,,aba5049bf92748b79271266ed2b659c7
39878922fc7a40199cdce5241f245e90,АААА-20125,2020,125,32c99ee649034bb89cd95f75c2b9e43e,2022-10-31,2022-11-30,5,9,EducationNotHappened,2,4d7ace2d86364eff9aec5a2fa7415bbf,12643a654501e500bfea9e1e1da982b1,,aba5049bf92748b79271266ed2b659c7
0267473485464ed398ab511e4a5db666,ЧЧЧЧ-22063,2022,63,c653a6ee5ccf4eddbce4c73a94b99c26,2022-10-31,2022-11-30,10,3,EducationInProgress,3,2a5ca8cc61ee431c8a2753dc105f5367,12643a654501e500bfea9e1e1da982b1,,bbae958e12324fc0b28082be2055b96f
